Country,Region
Argentina,SAMER Countries
Brazil,SAMER Countries
Chile,SAMER Countries
Uruguay,SAMER Countries
Australia,APAC Countries
China,APAC Countries
India,APAC Countries
Japan,APAC Countries
New Zealand,APAC Countries
South Korea,APAC Countries
Austria,EMEA Countries
Bosnia and Herzegovina,EMEA Countries
Bulgaria,EMEA Countries
Broatia,EMEA Countries
Cyprus,EMEA Countries
England,EMEA Countries
France,EMEA Countries
Germany,EMEA Countries
Greece,EMEA Countries
Hungary,EMEA Countries
Italy,EMEA Countries
Lithuania,EMEA Countries
Luxembourg,EMEA Countries
Macedonia,EMEA Countries
Moldova,EMEA Countries
Morocco,EMEA Countries
Portugal,EMEA Countries
Romania,EMEA Countries
Seria,EMEA Countries
Slovenia,EMEA Countries
South Africa,EMEA Countries
Spain,EMEA Countries
Switzerland,EMEA Countries
Ukraine,EMEA Countries
Canada,NAMER Countries
Mexico,NAMER Countries
US,NAMER Countries
Georgia,Middle Eastern Countries
Israel,Middle Eastern Countries
Lebanon,Middle Eastern Countries
Turkey,Middle Eastern Countries
